iter	Logloss
0	0.5259351638
1	0.4796184405
2	0.4469300683
3	0.4295917926
4	0.4168318155
5	0.4018411286
6	0.3923991183
7	0.388257789
8	0.3844923491
9	0.382278827
